recipe_id,title,description,ingredients,instructions,n_ingredients,n_instructions,temps_preparation,niveau_calorie,image_path,cuisine,tags,difficulte,regime,note_moyenne,nb_avis
1,Tajine de poulet aux olives et citron confit,Plat traditionnel marocain composé de poulet mijoté avec des olives vertes et du citron confit dans une sauce parfumée aux épices.,1 poulet découpé ; 2 oignons émincés ; 2 citrons confits ; 150 g d'olives vertes ; 3 cuillères à soupe d'huile d'olive ; 2 gousses d'ail ; 1 cuillère à café de gingembre ; 1 cuillère à café de curcuma ; 1 bouquet de coriandre ; sel ; poivre ; 250 ml d'eau,Faire revenir les oignons dans l'huile ; Ajouter l'ail et les épices ; Ajouter le poulet et le faire dorer ; Verser l'eau et laisser mijoter 45 minutes ; Ajouter les olives et les citrons confits ; Cuire encore 15 minutes ; Servir chaud,12,7,80,450,Images/Tajine_poulet.jpg,marocaine,"tajine,poulet,citron confit,olives,épices",facile,sans gluten,4.7,120
2,Harira,"Soupe traditionnelle marocaine à base de tomates, lentilles, pois chiches et coriandre. Incontournable pendant le Ramadan.",200 g de viande d'agneau ; 100 g de lentilles vertes ; 100 g de pois chiches ; 4 tomates pelées ; 2 oignons ; 1 bouquet de coriandre ; 1 bouquet de persil ; 2 cuillères à soupe de concentré de tomate ; 1 cuillère à café de curcuma ; 1 cuillère à café de gingembre ; 1 citron ; sel ; poivre ; huile d'olive,Faire revenir l'agneau avec les oignons ; Ajouter les épices et le concentré de tomate ; Incorporer les tomates concassées ; Ajouter les lentilles et les pois chiches ; Couvrir d'eau et laisser mijoter 1h ; Ajouter la coriandre et le persil ; Servir avec du citron,14,7,90,380,Images/Harira.jpg,marocaine,"soupe,lentilles,pois chiches,ramadan,traditionnel",moyen,normal,4.8,200
3,Pastilla au poulet,"Tourte feuilletée sucrée-salée à base de poulet, amandes et cannelle, emblème de la cuisine marocaine festive.",1 kg de poulet ; 500 g de pâte filo ; 200 g d'amandes effilées ; 4 œufs ; 2 oignons ; cannelle ; sucre glace ; safran ; gingembre ; beurre ; huile d'olive ; sel ; persil,Cuire le poulet avec oignons et épices ; Effilocher la viande ; Faire revenir les amandes ; Battre les œufs avec le bouillon de cuisson ; Superposer les feuilles de pâte filo beurrées ; Garnir avec la viande puis les œufs puis les amandes ; Refermer la pastilla ; Dorer au four 25 min ; Saupoudrer de sucre glace et cannelle,13,9,120,620,Images/Pastilla.jpg,marocaine,"pastilla,fêtes,sucré-salé,amandes,filo",difficile,normal,4.9,95
4,Couscous royal,"Le grand classique marocain avec semoule, légumes variés, agneau, poulet et merguez, servi avec du bouillon épicé.",500 g de semoule fine ; 400 g d'agneau ; 2 cuisses de poulet ; 4 merguez ; 2 carottes ; 2 courgettes ; 1 navet ; 200 g de pois chiches ; 2 tomates ; 2 oignons ; cannelle ; cumin ; curcuma ; safran ; huile d'olive ; sel ; beurre,Cuire la viande avec oignons et épices ; Ajouter les légumes coupés ; Faire cuire la semoule à la vapeur ; Griller les merguez ; Assaisonner la semoule avec du beurre ; Servir la semoule avec les légumes et la viande ; Accompagner de bouillon chaud,17,7,150,720,Images/Couscous_royal.jpg,marocaine,"couscous,royal,agneau,merguez,semoule",moyen,normal,4.8,310
5,Msemen,"Crêpes feuilletées marocaines croustillantes à l'extérieur et moelleuses à l'intérieur, parfaites pour le petit-déjeuner.",500 g de farine ; 100 g de semoule fine ; 1 cuillère à café de sel ; 1 cuillère à café de levure sèche ; eau tiède ; huile végétale ; beurre fondu,"Mélanger farine, semoule, sel et levure ; Pétrir en ajoutant l'eau progressivement ; Laisser reposer 30 min ; Former des boules ; Aplatir et plier en superposant huile et semoule ; Cuire à la poêle sans matière grasse",7,6,60,310,Images/Msemen.jpg,marocaine,"msemen,petit-déjeuner,crêpe,feuilleté",moyen,végétarien,4.6,180
6,Briouats au fromage et herbes,"Petits feuilletés triangulaires croustillants farcis d'un mélange de fromage frais, herbes et épices, frits dorés.",500 g de pâte filo ; 300 g de fromage frais ; 2 œufs ; 1 bouquet de persil ; 1 bouquet de coriandre ; sel ; poivre ; huile de friture ; 1 cuillère à café de cumin,"Mélanger le fromage, les œufs, herbes et épices ; Découper la pâte filo en bandes ; Déposer une cuillère de farce ; Plier en triangle ; Sceller avec du blanc d'œuf ; Frire jusqu'à dorure ; Égoutter et servir chaud",9,7,45,280,Images/Briouats_fromage.jpg,marocaine,"briouats,fromage,apéritif,filo,friture",moyen,végétarien,4.5,88
7,Tajine de kefta aux œufs,"Boulettes de viande épicées mijotées dans une sauce tomate avec des œufs pochés, un plat convivial et savoureux.",500 g de viande hachée (bœuf) ; 2 tomates ; 1 oignon ; 3 œufs ; persil ; coriandre ; cumin ; paprika ; sel ; poivre ; huile d'olive,Mélanger la viande avec épices et herbes ; Former des boulettes ; Préparer une sauce tomate avec oignons ; Ajouter les boulettes à la sauce ; Laisser mijoter 20 min ; Casser les œufs sur le dessus ; Couvrir jusqu'à cuisson des œufs ; Servir directement dans le tajine,11,8,50,490,Images/Tajine_kefta.jpg,marocaine,"kefta,tajine,boulettes,œufs,tomate",facile,sans gluten,4.7,142
8,Zaalouk,"Salade cuite d'aubergines et tomates relevée aux épices marocaines, servie froide en entrée ou accompagnement.",2 aubergines ; 3 tomates ; 3 gousses d'ail ; 1 cuillère à café de cumin ; 1 cuillère à café de paprika ; persil ; coriandre ; huile d'olive ; sel ; 1 citron,Cuire les aubergines à la vapeur ou au four ; Peler et écraser la chair ; Faire revenir l'ail avec les épices ; Ajouter les tomates et laisser compoter ; Incorporer les aubergines ; Cuire 15 min en remuant ; Ajouter citron et herbes ; Servir froid,10,8,40,180,Images/Zaalouk.jpg,marocaine,"zaalouk,aubergine,salade,végétarien,entrée",facile,végétalien,4.4,67
9,Spaghetti Carbonara,"La vraie recette romaine : pâtes al dente, guanciale croustillant, œufs et Pecorino Romano, sans crème fraîche.",400 g de spaghetti ; 150 g de guanciale ; 4 jaunes d'œufs ; 1 œuf entier ; 100 g de Pecorino Romano râpé ; poivre noir ; sel,"Cuire les pâtes al dente ; Faire revenir le guanciale ; Mélanger œufs et fromage ; Hors du feu, mélanger les pâtes avec le guanciale ; Ajouter les œufs en remuant rapidement ; Utiliser l'eau de cuisson pour lier la sauce ; Poivrer généreusement",7,7,25,560,Images/Carbonara.jpg,italienne,"pâtes,carbonara,guanciale,pecorino,rome",moyen,normal,4.8,420
10,Pizza Margherita,"La reine des pizzas napolitaines : pâte légère, sauce tomate San Marzano, mozzarella di bufala et basilic frais.",500 g de farine tipo 00 ; 7 g de levure sèche ; 300 ml d'eau ; 400 g de tomates San Marzano ; 250 g de mozzarella di bufala ; basilic frais ; sel ; huile d'olive extra vierge,Pétrir la pâte et laisser lever 2h ; Étaler la pâte finement ; Étaler la sauce tomate ; Répartir la mozzarella ; Cuire à 280°C 8-10 min ; Ajouter les feuilles de basilic ; Finir avec un filet d'huile d'olive,8,7,150,480,Images/Pizza_margherita.jpg,italienne,"pizza,margherita,naples,mozzarella,basilic",moyen,végétarien,4.9,530
11,Risotto aux champignons,"Risotto crémeux aux champignons porcini, parmesan et vin blanc, un classique de la cuisine du nord de l'Italie.","300 g de riz Arborio ; 200 g de champignons porcini ; 1 oignon ; 150 ml de vin blanc ; 1,5 L de bouillon de légumes ; 80 g de parmesan ; 50 g de beurre ; huile d'olive ; persil ; sel ; poivre",Faire revenir l'oignon dans l'huile ; Ajouter le riz et nacrer ; Déglacer au vin blanc ; Ajouter le bouillon louche par louche ; Incorporer les champignons sautés ; Mantecarer avec beurre et parmesan ; Laisser reposer 2 min ; Garnir de persil,11,8,40,490,Images/Risotto_champignons.jpg,italienne,"risotto,champignons,parmesan,arborio,créme",moyen,végétarien,4.7,275
12,Bœuf Bourguignon,"Mijotée dans du vin rouge de Bourgogne avec lardons, champignons et petits oignons, cette recette est un monument de la cuisine française.","1,5 kg de bœuf à braiser ; 750 ml de vin rouge Bourgogne ; 200 g de lardons ; 200 g de champignons de Paris ; 20 petits oignons ; 2 carottes ; 3 gousses d'ail ; 1 bouquet garni ; farine ; beurre ; sel ; poivre",Faire mariner la viande dans le vin ; Faire dorer la viande par petites quantités ; Faire revenir les lardons et oignons ; Saupoudrer de farine ; Ajouter le vin de marinade et les légumes ; Cuire au four à 160°C pendant 2h30 ; Ajouter les champignons 30 min avant la fin,12,7,210,680,Images/Boeuf_bourguignon.jpg,française,"bœuf,bourguignon,vin rouge,mijoté,lardons",difficile,normal,4.8,340
13,Quiche Lorraine,"Tarte salée alsacienne-lorraine à base de pâte brisée, lardons fumés et migaine à la crème et aux œufs.",1 pâte brisée ; 200 g de lardons fumés ; 200 ml de crème fraîche ; 3 œufs ; 100 g de gruyère râpé ; noix de muscade ; sel ; poivre,Étaler la pâte dans le moule ; Faire revenir les lardons ; Battre les œufs avec la crème ; Ajouter le gruyère et la muscade ; Répartir les lardons sur la pâte ; Verser la migaine ; Cuire à 180°C pendant 35 min ; Servir tiède,8,8,55,520,Images/Quiche_lorraine.jpg,française,"quiche,lorraine,lardons,crème,tarte salée",facile,normal,4.6,198
14,Poulet Teriyaki,Poulet grillé nappé d'une sauce sucrée-salée à base de sauce soja.,500 g de cuisses de poulet ; 60 ml de sauce soja ; 60 ml de mirin ; 2 cuillères à soupe de saké ; 2 cuillères à soupe de sucre ; 1 cuillère à soupe d'huile ; 1 gousse d'ail ; 1 cuillère à café de gingembre ; graines de sésame ; oignons verts,"Mélanger la sauce soja, le mirin, le saké et le sucre ; Faire dorer le poulet ; Ajouter la sauce ; Laisser réduire jusqu'à ce qu'elle devienne brillante ; Parsemer de sésame et d'oignons verts ; Servir avec du riz",10,6,35,380,Images/Poulet_teriyaki.jpg,japonaise,"teriyaki,poulet,japonais,soja,grill",facile,sans lactose,4.6,290
15,Bibimbap,"Bol de riz garni de légumes, viande et œuf, mélangé avec une sauce pimentée coréenne.",300 g de riz ; 200 g de bœuf haché ; 1 carotte ; 1 courgette ; 100 g d'épinards ; 100 g de germes de soja ; 2 œufs ; 2 cuillères à soupe de gochujang ; 1 cuillère à soupe d'huile de sésame ; 1 cuillère à soupe de sauce soja ; ail ; graines de sésame,Cuire le riz ; Faire revenir séparément les légumes ; Cuire le bœuf assaisonné ; Préparer les œufs au plat ; Disposer tous les ingrédients sur le riz ; Ajouter le gochujang ; Mélanger avant de manger,12,7,45,550,Images/Bibimbap.jpg,coréenne,"bibimbap,riz,gochujang,légumes,coréen",moyen,sans lactose,4.7,165
16,Pad Thai,"Nouilles de riz sautées à la thaïlandaise avec crevettes, œufs, pousses de soja et cacahuètes.",250 g de nouilles de riz ; 200 g de crevettes ; 2 œufs ; 100 g de pousses de soja ; 3 cuillères à soupe de sauce de poisson ; 2 cuillères à soupe de sauce tamarin ; 1 cuillère à soupe de sucre de palme ; cacahuètes ; citron vert ; oignons verts ; piment,"Tremper les nouilles dans l'eau chaude ; Faire sauter les crevettes ; Ajouter les œufs brouillés ; Incorporer les nouilles ; Assaisonner avec sauces et sucre ; Ajouter les pousses de soja ; Servir avec cacahuètes, citron et piment",11,7,30,490,Images/Pad_thai.jpg,thaïlandaise,"pad thai,thaïlandais,nouilles,crevettes,sauté",moyen,sans lactose,4.7,380
17,Ramen Tonkotsu,"Soupe de nouilles japonaise au bouillon de porc crémeux, œuf mollet mariné et poitrine de porc confite.",400 g de nouilles ramen ; 1 kg d'os de porc ; chashu (poitrine de porc) ; 2 œufs ; algues nori ; graines de sésame ; oignons verts ; 4 cuillères à soupe de sauce soja ; 2 cuillères à soupe de miso ; gingembre ; ail,"Faire bouillir les os de porc 10 min puis rincer ; Mijoter à feu vif 8h pour un bouillon crémeux ; Préparer le chashu au four ; Faire les œufs mollets marinés dans la soja ; Cuire les nouilles ; Monter le bol avec bouillon, nouilles et garnitures",11,6,540,680,Images/Ramen_tonkotsu.jpg,japonaise,"ramen,tonkotsu,japonais,nouilles,bouillon",difficile,sans lactose,4.9,210
18,Curry de lentilles Dal,"Curry végétarien indien de lentilles rouges épicées au cumin, coriandre et lait de coco, parfumé et nourrissant.",300 g de lentilles rouges ; 1 boîte de lait de coco ; 2 tomates ; 1 oignon ; 3 gousses d'ail ; gingembre frais ; 1 cuillère à café de cumin ; 1 cuillère à café de coriandre ; 1 cuillère à café de curcuma ; piment ; sel ; huile ; coriandre fraîche,"Faire revenir oignon, ail et gingembre ; Ajouter les épices ; Incorporer les tomates puis les lentilles ; Verser le lait de coco ; Laisser mijoter 25 min en remuant ; Ajuster la consistance avec de l'eau ; Garnir de coriandre fraîche ; Servir avec du riz",13,8,40,360,Images/Dal_curry.jpg,indienne,"dal,lentilles,curry,indien,végétarien",facile,végétalien,4.6,230
19,Enchiladas de poulet,"Tortillas de maïs garnies de poulet, nappées d'une sauce crémeuse aux piments verts et gratinées au fromage.",12 tortillas de maïs ; 3 poitrines de poulet cuites ; 340 g de fromage Monterey Jack ; 1 oignon ; beurre ; farine ; 2 tasses de bouillon de poulet ; 1 tasse de crème aigre ; 1 boîte de piments verts ; oignons verts ; coriandre ; sel,"Préchauffer le four à 190°C ; Frire les tortillas 5 secondes ; Garnir de poulet, fromage et oignon ; Rouler et disposer dans le plat ; Préparer la sauce avec beurre, farine et bouillon ; Ajouter crème et piments ; Napper les enchiladas ; Gratiner 25 min",12,8,60,646,Images/Enchiladas_poulet.jpg,mexicaine,"enchiladas,mexicain,poulet,gratin,tortilla",moyen,normal,4.5,175
20,Guacamole maison,"Trempette mexicaine fraîche et crémeuse à base d'avocats mûrs, tomates, oignons, coriandre et citron vert.",3 avocats mûrs ; 2 tomates ; 1 oignon rouge ; 1 citron vert ; 1 bouquet de coriandre ; 1 piment jalapeño ; sel ; poivre,"Écraser les avocats à la fourchette ; Hacher finement oignon, tomates et piment ; Mélanger tous les ingrédients ; Ajouter le jus de citron vert ; Assaisonner ; Recouvrir d'un film au contact pour éviter l'oxydation",8,6,15,220,Images/Guacamole.jpg,mexicaine,"guacamole,avocat,mexicain,entrée,végétalien",facile,végétalien,4.8,460
21,Moussaka grecque,"Gratin grec aux aubergines, viande d'agneau et béchamel, un plat généreux typique de la cuisine hellénique.",2 aubergines ; 500 g d'agneau haché ; 2 tomates ; 1 oignon ; 2 gousses d'ail ; cannelle ; muscade ; vin rouge ; 500 ml de lait ; 50 g de beurre ; 50 g de farine ; parmesan râpé ; sel ; poivre,"Griller les tranches d'aubergines au four ; Faire la bolognaise à l'agneau avec épices ; Préparer la béchamel ; Monter le gratin : aubergines, bolognaise, aubergines, béchamel ; Parsemer de fromage ; Cuire à 180°C pendant 45 min ; Laisser reposer 15 min avant de servir",14,7,90,580,Images/Moussaka.jpg,grecque,"moussaka,aubergine,agneau,grèce,gratin",moyen,normal,4.7,220
22,Falafels,"Boulettes végétariennes croquantes de pois chiches et herbes fraîches, spécialité du Moyen-Orient.",400 g de pois chiches crus ; 1 oignon ; 3 gousses d'ail ; persil ; coriandre ; cumin ; coriandre en poudre ; bicarbonate ; farine ; sel ; huile de friture,"Tremper les pois chiches 12h ; Mixer avec oignon, ail et herbes ; Ajouter les épices et bicarbonate ; Former des boulettes ; Réfrigérer 1h ; Frire à 180°C 3 min de chaque côté ; Égoutter sur papier absorbant",11,7,780,280,Images/Falafels.jpg,moyen-orientale,"falafels,pois chiches,végétarien,friture,oriental",moyen,végétalien,4.6,312
23,Shakshuka,"Œufs pochés dans une sauce tomate épicée aux poivrons, typique de la cuisine israelienne et nord-africaine.",4 œufs ; 400 g de tomates pelées ; 2 poivrons rouges ; 1 oignon ; 3 gousses d'ail ; cumin ; paprika fumé ; piment de Cayenne ; huile d'olive ; sel ; persil ; feta (optionnel),Faire revenir l'oignon dans l'huile ; Ajouter les poivrons et l'ail ; Incorporer les tomates et épices ; Laisser mijoter 15 min ; Creuser des puits et casser les œufs ; Couvrir et cuire 8 min ; Garnir de persil et éventuellement de feta,12,7,35,290,Images/Shakshuka.jpg,libanaise,"shakshuka,œufs,tomate,épices,petit-déjeuner",facile,végétarien,4.7,395
24,Hummus maison,"Purée de pois chiches veloutée à l'huile de sésame (tahini), citron et cumin, l'incontournable du Moyen-Orient.",400 g de pois chiches cuits ; 4 cuillères à soupe de tahini ; 2 citrons ; 2 gousses d'ail ; 4 cuillères à soupe d'huile d'olive ; sel ; cumin ; paprika ; persil,"Mixer les pois chiches avec le tahini ; Ajouter le jus de citron et l'ail ; Incorporer l'huile d'olive ; Assaisonner avec sel et cumin ; Mixer jusqu'à texture lisse ; Ajouter un peu d'eau si nécessaire ; Garnir d'huile, paprika et persil",9,7,15,240,Images/Hummus.jpg,moyen-orientale,"hummus,pois chiches,tahini,végétalien,apéritif",facile,végétalien,4.8,480
25,Poulet rôti aux herbes,"Poulet entier rôti croustillant avec thym, romarin, ail et citron, la recette du dimanche par excellence.",1 poulet entier ; 4 gousses d'ail ; 1 citron ; thym ; romarin ; beurre ; huile d'olive ; sel ; poivre ; pommes de terre,"Mélanger beurre, herbes et citron ; Glisser sous la peau du poulet ; Farcir la cavité de citron et d'ail ; Badigeonner l'extérieur d'huile ; Saler et poivrer ; Rôtir à 200°C pendant 1h15 ; Arroser toutes les 20 min ; Laisser reposer 10 min avant de découper",10,8,90,420,Images/Poulet_roti.jpg,française,"poulet,rôti,herbes,dimanche,citron",facile,sans gluten,4.7,520
26,Tacos al Pastor,"Tacos mexicains au porc mariné aux épices et à l'ananas, cuits à la broche et servis avec salsa et coriandre.",800 g d'épaule de porc ; ananas ; 3 piments chipotle ; 1 oignon ; coriandre ; achiote ; origan ; cumin ; vinaigre blanc ; tortillas de maïs ; salsa verde ; citron vert,Mariner le porc dans les épices et l'achiote 12h ; Empiler la viande avec l'ananas sur une broche ; Cuire lentement en retournant ; Découper finement la viande ; Garnir les tortillas ; Ajouter oignon et coriandre hachés ; Arroser de salsa et citron,12,7,780,480,Images/Tacos_pastor.jpg,mexicaine,"tacos,al pastor,mexicain,porc,broche",difficile,sans lactose,4.9,270
27,Tiramisu classique,"Dessert italien indémodable aux couches de biscuits imbibés de café, crème mascarpone et cacao.",500 g de mascarpone ; 4 œufs ; 100 g de sucre ; 300 g de biscuits savoiardi ; 300 ml de café expresso ; 50 ml de marsala ; cacao amer en poudre,Séparer les blancs des jaunes ; Battre les jaunes avec le sucre jusqu'à blanchissement ; Incorporer le mascarpone ; Monter les blancs en neige ferme ; Plier délicatement les blancs dans la crème ; Tremper les biscuits dans le café froid ; Alterner couches biscuits et crème ; Saupoudrer de cacao et réfrigérer 4h,7,8,260,480,Images/Tiramisu.jpg,italienne,"tiramisu,dessert,mascarpone,café,italien",moyen,végétarien,4.9,610
28,Soupe miso,"Soupe japonaise légère et réconfortante au miso, tofu soyeux et wakamé, prête en 10 minutes.",1 L de bouillon dashi ; 4 cuillères à soupe de pâte miso ; 200 g de tofu soyeux ; 2 cuillères à soupe de wakamé réhydraté ; oignons verts ; 1 cuillère à café de sauce soja,Chauffer le bouillon dashi sans faire bouillir ; Dissoudre la pâte miso dans un peu de bouillon ; Incorporer au bouillon ; Ajouter le tofu en dés et les algues ; Chauffer 2 min ; Garnir d'oignons verts ; Servir immédiatement,6,7,10,120,Images/Soupe_miso.jpg,japonaise,"miso,soupe,japonais,tofu,léger",facile,végétarien,4.5,340
29,Crêpes sucrées,"Crêpes françaises fines et dorées, parfaites avec du sucre, beurre, Nutella ou confiture.",250 g de farine ; 3 œufs ; 500 ml de lait ; 50 g de beurre fondu ; 1 cuillère à soupe de sucre ; 1 pincée de sel ; extrait de vanille,"Mélanger farine, sucre et sel ; Ajouter les œufs et fouetter ; Incorporer le lait progressivement ; Ajouter le beurre fondu et la vanille ; Laisser reposer 30 min ; Cuire dans une poêle légèrement beurrée ; Servir avec la garniture de votre choix",7,7,45,220,Images/Crepes.jpg,française,"crêpes,dessert,français,petit-déjeuner,simple",facile,végétarien,4.8,680
30,Salade grecque,"Salade fraîche et colorée avec tomates, concombre, olives Kalamata, oignon rouge et feta.",4 tomates ; 1 concombre ; 1 oignon rouge ; 200 g de feta ; 100 g d'olives Kalamata ; huile d'olive extra vierge ; vinaigre de vin rouge ; origan ; sel ; poivre,Couper les légumes en gros morceaux ; Émincer l'oignon rouge ; Disposer dans un grand saladier ; Ajouter les olives et la feta en bloc ; Arroser d'huile d'olive et vinaigre ; Saupoudrer d'origan ; Assaisonner ; Mélanger délicatement,10,8,15,280,Images/Salade_grecque.jpg,grecque,"salade,grecque,feta,olives,légumes",facile,végétarien,4.6,395
31,Bol de poke saumon,"Bol hawaïen coloré avec du saumon mariné, riz vinaigré, avocat, edamame et sauce ponzu.",300 g de saumon frais ; 200 g de riz à sushi ; 1 avocat ; 100 g d'edamame ; concombre ; radis ; graines de sésame ; 3 cuillères à soupe de sauce soja ; 1 cuillère à soupe de vinaigre de riz ; gingembre mariné ; wasabi,Cuire et assaisonner le riz à sushi ; Couper le saumon en cubes et mariner 15 min ; Préparer les légumes ; Disposer le riz dans les bols ; Garnir harmonieusement ; Arroser de sauce soja ; Décorer de sésame ; Servir avec wasabi et gingembre,11,8,30,490,Images/Poke_saumon.jpg,hawaïenne,"poke,saumon,bol,hawaïen,healthy",facile,sans gluten,4.8,340
32,Pancakes moelleux,"Pancakes américains épais et moelleux, parfaits pour un brunch avec sirop d'érable et fruits rouges.",200 g de farine ; 2 cuillères à café de levure chimique ; 2 cuillères à soupe de sucre ; 1 œuf ; 200 ml de lait ; 50 g de beurre fondu ; extrait de vanille ; sel,Mélanger les ingrédients secs ; Battre l'œuf avec le lait et le beurre ; Combiner les deux mélanges sans trop travailler ; Laisser reposer 10 min ; Cuire dans une poêle antiadhésive ; Verser 1 louche par pancake ; Retourner quand des bulles apparaissent ; Servir avec sirop d'érable,8,8,25,310,Images/Pancakes.jpg,américaine,"pancakes,brunch,américain,petit-déjeuner,moelleux",facile,végétarien,4.7,590
33,Soupe à l'oignon gratinée,Soupe française réconfortante avec des oignons longuement caramélisés et un gratin de gruyère fondu.,1 kg d'oignons ; 1 L de bouillon de bœuf ; 200 ml de vin blanc ; 8 tranches de pain ; 200 g de gruyère râpé ; beurre ; thym ; laurier ; sel ; poivre,Émincer finement les oignons ; Les caraméliser au beurre 45 min à feu doux ; Déglacer au vin blanc ; Ajouter le bouillon et les herbes ; Mijoter 20 min ; Verser dans des bols allant au four ; Poser le pain et le gruyère ; Gratiner sous le grill 5 min,10,8,90,420,Images/Soupe_oignon.jpg,française,"soupe,oignon,gratin,français,hivernal",moyen,végétarien,4.7,275
34,Nasi Goreng,"Riz frit indonésien épicé avec œufs, crevettes, légumes et sauce kecap manis.",300 g de riz cuit refroidi ; 200 g de crevettes ; 2 œufs ; 2 cuillères à soupe de kecap manis ; 1 cuillère à soupe de sauce soja ; pâte de crevettes ; oignons verts ; ail ; gingembre ; piment ; huile ; concombre ; chips de crevettes,"Faire chauffer l'huile à feu vif ; Faire revenir ail, gingembre et piment ; Ajouter les crevettes ; Pousser sur le côté et brouiller les œufs ; Ajouter le riz refroidi ; Assaisonner avec kecap manis et soja ; Bien mélanger à feu vif ; Garnir et servir immédiatement",13,8,20,520,Images/Nasi_goreng.jpg,indonésienne,"nasi goreng,riz frit,indonésien,crevettes,épicé",moyen,sans lactose,4.6,195
35,Gaspacho andalou,"Soupe froide espagnole à base de tomates mûres, concombre, poivrons et ail, rafraîchissante en été.",1 kg de tomates mûres ; 1 concombre ; 1 poivron rouge ; 1 oignon ; 3 gousses d'ail ; 100 ml d'huile d'olive ; 2 cuillères à soupe de vinaigre de Jerez ; pain rassis ; sel ; poivre,"Mixer tomates, concombre, poivron, oignon et ail ; Ajouter le pain imbibé d'eau ; Incorporer l'huile en filet ; Assaisonner avec vinaigre, sel et poivre ; Mixer jusqu'à texture lisse ; Filtrer pour plus de finesse ; Réfrigérer au moins 2h ; Servir avec des dés de légumes",10,8,135,180,Images/Gaspacho.jpg,espagnole,"gaspacho,soupe froide,espagnol,tomate,été",facile,végétalien,4.5,290
36,Poulet tikka masala,Curry indien populaire avec poulet mariné et grillé dans une sauce tomate crémeuse et épicée.,600 g de poulet ; 200 g de yaourt ; 2 cuillères à soupe de pâte tikka ; 400 g de tomates concassées ; 200 ml de crème ; 1 oignon ; 3 gousses d'ail ; gingembre ; garam masala ; curcuma ; coriandre ; sel ; beurre,"Mariner le poulet dans yaourt et pâte tikka 2h ; Griller le poulet au four ou au grill ; Faire revenir oignon, ail et gingembre ; Ajouter les épices et les tomates ; Mijoter 15 min ; Incorporer la crème et le poulet grillé ; Cuire 10 min ; Garnir de coriandre fraîche",13,8,150,520,Images/Tikka_masala.jpg,indienne,"tikka masala,curry,indien,poulet,crème",moyen,sans gluten,4.8,445
37,Tarte Tatin,"Tarte renversée aux pommes caramélisées, un classique de la pâtisserie française de Sologne.",6 pommes Golden ; 150 g de sucre ; 80 g de beurre ; 1 pâte brisée ; cannelle ; jus de citron,Éplucher et couper les pommes en quartiers ; Faire un caramel brun dans la poêle Tatin ; Ajouter le beurre et disposer les pommes ; Saupoudrer de cannelle ; Recouvrir avec la pâte brisée en rentrant les bords ; Cuire à 200°C 25 min ; Démouler immédiatement à la sortie du four,6,7,60,380,Images/Tarte_tatin.jpg,française,"tarte tatin,dessert,pommes,caramel,français",moyen,végétarien,4.8,365
38,Sushi maki,"Rouleaux de sushi japonais avec riz vinaigré, nori, concombre et saumon, faits maison.",300 g de riz à sushi ; 3 cuillères à soupe de vinaigre de riz ; 1 cuillère à café de sucre ; 1 cuillère à café de sel ; 4 feuilles de nori ; 150 g de saumon frais ; 1 concombre ; wasabi ; gingembre mariné ; sauce soja,"Cuire le riz et l'assaisonner avec vinaigre, sucre et sel ; Poser la nori sur le makisu (natte de bambou) ; Étaler le riz uniformément ; Déposer les garnitures en bande ; Rouler fermement ; Mouiller le bord pour sceller ; Découper en 8 tranches avec un couteau mouillé",10,7,60,320,Images/Maki_sushi.jpg,japonaise,"sushi,maki,japonais,riz,saumon",moyen,sans lactose,4.7,310
39,Chili con carne,"Ragoût américain épicé de viande hachée, haricots rouges et poivrons, parfait avec du riz ou du pain de maïs.",500 g de bœuf haché ; 2 boîtes de haricots rouges ; 400 g de tomates concassées ; 2 poivrons ; 1 oignon ; 3 gousses d'ail ; 2 cuillères à soupe de cumin ; 1 cuillère à soupe de chili en poudre ; piment de Cayenne ; 1 cuillère à café de paprika fumé ; sel ; huile,Faire revenir oignon et ail ; Ajouter le bœuf et le faire dorer ; Incorporer les épices ; Ajouter poivrons et tomates ; Verser les haricots égouttés ; Assaisonner et laisser mijoter 30 min ; Ajuster les épices ; Servir avec riz ou pain de maïs,12,8,55,480,Images/Chili_carne.jpg,américaine,"chili,américain,haricots,bœuf,épicé",facile,sans lactose,4.6,285
40,Salade César,"La grande classique américaine avec laitue romaine, croûtons, parmesan et l'inimitable sauce César.",2 romaines ; 100 g de parmesan ; 200 g de poitrine de poulet grillée ; 2 tranches de pain (croûtons) ; 2 cuillères à soupe de mayonnaise ; 1 cuillère à soupe de moutarde ; 2 filets d'anchois ; 1 gousse d'ail ; jus de citron ; huile d'olive,"Préparer les croûtons : couper le pain, assaisonner, dorer au four ; Griller le poulet et le couper en tranches ; Mixer la sauce : anchois, ail, mayo, moutarde et citron ; Déchirer la romaine en morceaux ; Mélanger salade, poulet et sauce ; Garnir de parmesan et croûtons",10,6,25,360,Images/Salade_cesar.jpg,américaine,"salade,césar,américain,poulet,parmesan",facile,normal,4.6,460
41,Rfissa,"Plat marocain traditionnel à base de poulet, lentilles et msemen émietté.",1 poulet ; 250 g de lentilles ; 2 oignons ; 1 bouquet de coriandre ; 1 bouquet de persil ; 1 cuillère à soupe de ras el hanout ; 1 cuillère à café de gingembre ; 4 msemen ; sel ; poivre,Faire revenir les oignons ; Ajouter le poulet et les épices ; Ajouter les lentilles et cuire ; Préparer le msemen ; Servir le poulet sur le msemen émietté,10,5,120,650,Images/Rfissa.jpg,marocaine,"msemen,poulet,lentilles,rfissa",moyenne,normal,4.8,95
42,Okonomiyaki,rêpe salée japonaise garnie de chou et de viande.,200 g de chou ; 150 g de farine ; 2 œufs ; 100 g de poitrine fumée ; sauce okonomiyaki ; mayonnaise,Mélanger les ingrédients ; Cuire en crêpe épaisse ; Ajouter les sauces ; Servir chaud,6,4,35,520,Images/Okonomiyaki.jpg,japonaise,"okonomiyaki,chou",facile,normal,4.5,90
43,Bulgogi,Plat coréen de bœuf mariné grillé.,500 g de bœuf ; sauce soja ; sucre ; ail ; huile de sésame ; oignons verts,Mariner la viande ; Griller à feu vif ; Servir avec du riz,6,3,30,430,Images/Bulgogi.jpg,coréenne,"bulgogi,boeuf",facile,normal,4.8,150
44,Tteokbokki,Gâteaux de riz coréens dans une sauce pimentée.,400 g de tteok ; gochujang ; sucre ; ail ; oignons verts ; eau,Préparer la sauce ; Ajouter les tteok ; Cuire jusqu'à épaississement ; Servir chaud,6,4,30,430,Images/Tteokbokki.jpg,coréenne,"tteokbokki,pimenté",facile,végétarien,4.6,120
45,Palak Paneer,Curry indien aux épinards et fromage paneer.,300 g d'épinards ; 200 g de paneer ; ail ; gingembre ; crème ; épices,Cuire les épinards ; Mixer ; Ajouter le paneer ; Mijoter avec les épices,6,4,40,480,Images/Palak_paneer.jpg,indienne,"palak,paneer",facile,végétarien,4.6,110
46,Adana Kebab,Kebab turc épicé grillé.,viande hachée agneau; piment; oignon; paprika,Mélanger; Former brochettes; Griller,4,3,45,530,Images/Adana_kebab.jpg,turque,"kebab,grill,viande",moyenne,normal,4.8,220
47,Pho Bo,Soupe de nouilles vietnamienne emblématique au boeuf,500 g de boeuf tendre ; 200 g de nouilles de riz ; 2 L de bouillon d'os de boeuf ; 2 étoiles de badiane ; 3 clous de girofle ; 1 bâton de cannelle ; 1 oignon grillé ; 1 morceau de gingembre grilé ; 100 g de germes de soja ; basilic thai ; coriandre ; menthe ; citron vert ; sauce de poisson ; piment ; sel,"Griller l'oignon et le gingembre au four ; Faire bouillir le bouillon avec épices et oignon grillé ; Laisser mijoter 3h ; Filtrer le bouillon ; Cuire les nouilles à  part ; Trancher finement le boeuf ; Disposer nouilles et boeuf dans le bol ; Verser le bouillon brulant ; Garnir de herbes et germes ; Servir avec citron, piment et sauce de poisson",16,9,240,380,Images/Pho_bo.jpg,vietnamienne,"pho,boeuf,nouilles,bouillon,vietnam",moyenne,sans gluten,4.8,310
48,Lasagnes a la bolognaise,Gratin de pates alternant feuilles de lasagne sauce bolognaise et bechamel gratinee au fromage.,500 g de feuilles de lasagne ; 400 g de viande hachee ; 300 g de sauce tomate ; 200 g de fromage rape ; 50 g de beurre ; 50 g de farine ; 500 ml de lait ; 1 oignon ; 2 gousses d ail ; sel ; poivre ; huile d olive ; thym,Faire revenir l oignon et l ail ; Ajouter la viande et la faire dorer ; Incorporer la sauce tomate et le thym ; Laisser mijoter 30 min ; Preparer la bechamel ; Alterner lasagne bolognaise et bechamel dans un plat ; Parsemer de fromage ; Cuire a 180C 35 min ; Laisser reposer 10 min,13,9,90,260,Images/Lasagnes_bolognaise.jpg,italienne,"lasagnes,bolognaise,pates,gratin,fromage",moyenne,normal,4.7,380
49,Ratatouille provencale,Plat de legumes du sud de la France mijotes dans l huile d olive avec herbes de Provence.,2 aubergines ; 3 courgettes ; 3 poivrons ; 4 tomates ; 2 oignons ; 4 gousses d ail ; huile d olive ; thym ; romarin ; laurier ; sel ; poivre,Couper tous les legumes en des ; Faire revenir les oignons dans l huile ; Ajouter les poivrons puis les aubergines ; Incorporer les courgettes ; Ajouter les tomates et les herbes ; Couvrir et mijoter 45 min a feu doux ; Rectifier l assaisonnement ; Servir chaud ou froid,10,8,60,220,Images/Ratatouille.jpg,française,"ratatouille,legumes,provence,ete,vegetalien",facile,végétalien,4.6,290
50,Paella valencienne,Riz safrane espagnol garni de fruits de mer poulet et chorizo un classique de Valence.,400 g de riz rond ; 200 g de poulet ; 150 g de crevettes ; 100 g de moules ; 100 g de chorizo ; 1 poivron ; 2 tomates ; 3 gousses d ail ; 1 L de bouillon de volaille ; safran ; huile d olive ; sel ; poivre ; citron,Faire revenir le poulet et le chorizo ; Ajouter les legumes et l ail ; Incorporer le riz et le safran ; Verser le bouillon chaud ; Laisser cuire 20 min sans remuer ; Ajouter les fruits de mer ; Cuire encore 10 min ; Laisser reposer 5 min ; Servir avec des quartiers de citron,13,9,55,580,Images/Paella_valencienne.jpg,espagnole,"paella,riz,fruits de mer,valence,safran",moyen,normal,4.8,410
51,Gyoza au porc,Raviolis japonais fumes au porc et legumes cuisines a la poele croustillants d un cote.,300 g de porc hache ; 200 g de chou chinois ; 2 oignons verts ; 1 cuillere a cafe de gingembre rape ; 2 cuilleres a soupe de sauce soja ; 1 cuillere a soupe d huile de sesame ; 30 wrappers gyoza ; sel ; poivre ; huile vegetale,Hacher finement le chou et les oignons ; Melanger avec le porc le gingembre et les sauces ; Deposer une cuillere de farce sur chaque wrapper ; Plier en demi-lune et sceller ; Faire dorer a la poele cote plat ; Ajouter un fond d eau et couvrir ; Cuire a la vapeur 5 min ; Retirer le couvercle et faire dorer ; Servir avec sauce soja,12,9,45,320,Images/Gyoza_porc.jpg,japonaise,"gyoza,raviolis,porc,japonais,aperitif",moyen,normal,4.7,260
52,Boeuf Stroganoff,Plat russe de boeuf saute dans une sauce cremeuse a la moutarde et aux champignons.,500 g de boeuf tendre ; 200 g de champignons ; 1 oignon ; 200 ml de creme fraiche ; 2 cuilleres a soupe de moutarde  ; 50 g de beurre ; sel ; poivre ; persil ; pates fraiches,Couper le boeuf en lamelles ; Faire revenir l oignon et les champignons dans le beurre ; Reserver ; Faire saisir le boeuf rapidement ; Remettre les legumes ; Ajouter le cognac et flamber ; Incorporer la creme et la moutarde ; Laisser mijoter 10 min ; Parsemer de persil ; Servir sur des pates,11,9,35,540,Images/Boeuf_stroganoff.jpg,russe,"stroganoff,boeuf,champignons,creme,russe",moyen,normal,4.6,180
53,Arepas venezuelienes,Galettes de mais farcies typiques du Venezuela croustillantes a l exterieur et moelleuses a l interieur.,300 g de farine de mais precuite ; 300 ml d eau tiede ; 1 cuillere a cafe de sel ; 100 g de fromage blanc ; 100 g de jambon ; beurre ; huile vegetale,Melanger la farine le sel et l eau ; Petrir jusqu a obtenir une pate lisse ; Former des boules et les aplatir ; Faire cuire a la poele 7 min de chaque cote ; Ouvrir en deux ; Farcir de fromage et de jambon ; Remettre a chauffer pour faire fondre le fromage ; Servir chaud,9,7,30,380,Images/Arepas.jpg,venezuelienne,"arepas,mais,fromage,venezuela,street food",facile,végétarien,4.5,145
54,Kimchi jjigae,Ragout coreen epice au kimchi porc et tofu reconfortant et parfume.,300 g de kimchi ; 200 g de poitrine de porc ; 200 g de tofu ferme ; 1 oignon ; 2 gousses d ail ; 1 cuillere a soupe de pate de piment coreen ; 1 cuillere a soupe de sauce soja ; 500 ml de bouillon ; huile de sesame ; oignons verts,Faire revenir le porc dans l huile ; Ajouter l oignon et l ail ; Incorporer le kimchi et la pate de piment ; Verser le bouillon ; Laisser mijoter 20 min ; Ajouter le tofu en des ; Cuire encore 5 min ; Garnir d oignons verts ; Servir bouillant avec du riz,11,9,35,420,Images/Kimchi_jjigae.jpg,coréenne,"kimchi,jjigae,coreen,epice,tofu",moyen,normal,4.7,210
55,Ceviche peruvien,Poisson cru marine dans du citron vert avec oignons piment et coriandre specialite peruvienne.,400 g de filet de poisson blanc ; 10 citrons verts ; 1 oignon rouge ; 1 piment jalapeno ; coriandre fraiche ; sel ; poivre ; mais grille ; patate douce,Couper le poisson en petits des ; Presser les citrons verts ; Mariner le poisson 15 min dans le jus ; Emincer l oignon et le piment ; Ajouter au poisson ; Saler et poivrer ; Laisser mariner 10 min de plus ; Egoutter legerement ; Servir avec mais et patate douce,10,8,30,280,Images/Ceviche.jpg,peruvienne,"ceviche,poisson,citron vert,perou,marine",facile,sans gluten,4.8,320
56,Mapo tofu,Plat sichuanais epice au tofu hache de porc et piment specialite de Chengdu.,400 g de tofu ferme ; 200 g de porc hache ; 2 cuilleres a soupe de pate de haricot fermente ; 1 cuillere a soupe de pate de piment ; 2 oignons verts ; 2 gousses d ail ; gingembre ; sauce soja ; huile de sesame ; poivre du Sichuan ; bouillon de poulet,Couper le tofu en cubes ; Faire revenir le porc hache ; Ajouter pate de haricot ail et gingembre ; Incorporer la pate de piment ; Verser le bouillon ; Ajouter le tofu delicatement ; Laisser mijoter 10 min ; Lier avec de la fecule ; Garnir d oignons verts ; Servir avec du riz,12,10,30,380,Images/Mapo_tofu.jpg,chinoise,"mapo tofu,sichuan,epice,tofu,chinois",moyen,normal,4.6,195
57,Tacos de poisson,Tacos mexicains au poisson pane frit servis avec chou blanc sauce crema et piment.,400 g de filet de poisson blanc ; 8 tortillas de mais ; 200 g de chou blanc rape ; 1 oignon rouge ; coriandre ; 150 g de farine ; 1 oeuf ; 100 ml de biere ; huile de friture ; sauce crema ; citron vert,Preparer la pate a friture avec farine oeuf et biere ; Couper le poisson en languettes ; Tremper dans la pate et frire dore ; Rechauffer les tortillas ; Garnir de chou et d oignon ; Ajouter le poisson frit ; Arroser de sauce crema ; Parsemer de coriandre ; Servir avec citron vert,12,8,40,480,Images/Tacos_poisson.jpg,mexicaine,"tacos,poisson,mexicain,friture,street food",moyen,normal,4.6,195
58,Moules mariniere,Moules cuites au vin blanc avec echalotes ail et persil classique de la cote francaise.,2 kg de moules ; 4 echalotes ; 4 gousses d ail ; 50 g de beurre ; persil frais ; sel ; poivre ; pain de campagne,Nettoyer les moules et retirer les filaments ; Faire revenir les echalotes dans le beurre ; Ajouter l ail ; Verser le vin blanc ; Porter a ebullition ; Ajouter les moules ; Couvrir et cuire 5 min jusqu a ouverture ; Jeter les moules fermees ; Parsemer de persil ; Servir avec le pain,10,8,25,340,Images/Moules_mariniere.jpg,française,"moules,mariniere,vin blanc,fruits de mer,classique",facile,sans gluten,4.7,280
59,Dim sum aux crevettes,Petits raviolis chinois vapeur farcis aux crevettes et bambou.,300 g de crevettes ; 100 g de pousses de bambou ; 2 oignons verts ; 1 cuillere a cafe de gingembre ; 1 cuillere a soupe de sauce soja ; 1 cuillere a soupe d huile de sesame ; 20 wrappers ronds ; sel ; poivre,Hacher finement les crevettes et les bambous ; Melanger avec les aromates et les sauces ; Deposer une cuillere de farce au centre ; Plier en chausson et sceller ; Disposer dans un panier vapeur ; Cuire a la vapeur 8 min ; Servir chaud avec sauce soja,10,7,40,260,Images/Dim_sum_crevettes.jpg,chinoise,"dim sum,crevettes,vapeur,chinois,raviolis",moyen,sans lactose,4.5,175
70,Tarte au citron meringuee,Dessert francais classique avec creme au citron et meringue doree.,1 pate brisee ; 4 citrons ; 150 g de sucre ; 3 oeufs ; 100 g de beurre ; 3 blancs d oeufs ; 150 g de sucre glace ; sel,Pre cuire la pate a blanc ; Presser les citrons ; Battre les oeufs avec le sucre ; Ajouter le jus de citron et le beurre ; Cuire a feu doux jusqu a epaississement ; Verser sur le fond de tarte ; Battre les blancs en neige avec le sucre glace ; Etaler la meringue ; Dorer au four 10 min a 200C ; Laisser refroidir,10,9,60,420,Images/Tarte_citron.jpg,française,"tarte,citron,meringuee,dessert,francais",moyen,végétarien,4.8,450
71,Tempura de legumes,Beignets japonais legers de legumes en pate croustillante.,1 aubergine ; 2 courgettes ; 1 poivron ; 100 g de champignons ; 150 g de farine ; 1 oeuf ; 200 ml d eau glacee ; huile de friture ; sel ; sauce tempura,Couper les legumes en lamelles ; Preparer la pate avec farine oeuf et eau glacee ; Ne pas trop melanger ; Chauffer l huile a 170C ; Tremper les legumes dans la pate ; Frire 2-3 min jusqu a dore ; Egoutter sur papier absorbant ; Saler ; Servir avec sauce tempura,10,8,25,310,Images/Tempura_legumes.jpg,japonaise,"tempura,legumes,japonais,beignet,friture",facile,végétarien,4.6,220
72,Riz cantonais,Riz saute chinois avec oeufs jambon petits pois et oignons verts.,400 g de riz cuit refroidi ; 150 g de jambon ; 100 g de petits pois ; 3 oeufs ; 3 oignons verts ; 2 cuilleres a soupe de sauce soja ; 1 cuillere a soupe d huile de sesame ; huile vegetale ; sel ; poivre,Faire chauffer l huile a feu vif ; Brouiller les oeufs et reserver ; Faire revenir le jambon ; Ajouter les petits pois ; Incorporer le riz et bien separer les grains ; Ajouter les oeufs brouilles ; Assaisonner avec sauce soja et huile de sesame ; Parsemer d oignons verts ; Servir immediatement,10,8,20,420,Images/Riz_cantonais.jpg,chinoise,"riz cantonais,chinois,saute,jambon,rapide",facile,normal,4.5,310
73,Tarte aux pommes normande,Dessert classique avec pate brisee pommes caramelisees et creme fraiche.,1 pate brisee ; 6 pommes ; 100 g de sucre ; 50 g de beurre ; 200 ml de creme fraiche ; 2 oeufs ; 1 cuillere a cafe de cannelle ; jus de citron ; sel,Eplucher et couper les pommes en quartiers ; Faire carameliser dans le beurre et le sucre ; Disposer sur le fond de tarte ; Battre les oeufs avec la creme et la cannelle ; Verser sur les pommes ; Cuire a 180C 35 min ; Laisser tiedir ; Servir avec une creme fraiche,9,7,55,380,Images/Tarte_pommes_normande.jpg,française,"tarte,pommes,normande,dessert,creme",facile,végétarien,4.6,340
74,Bun cha vietnamien,Salade de nouilles de riz avec boulettes de porc grillees et herbes fraiches.,300 g de porc hache ; 200 g de nouilles de riz ; 1 oignon ; 2 gousses d ail ; 3 cuilleres a soupe de sauce poisson ; 2 cuilleres a soupe de sucre ; 2 cuilleres a soupe de vinaigre de riz ; menthe ; coriandre ; basilic thai ; salade ; concombre ; carotte ; piment,Mariner le porc avec ail sauce poisson et sucre ; Former des boulettes ; Griller les boulettes ; Cuire les nouilles et les rafraichir ; Preparer la sauce avec vinaigre sucre et eau ; Disposer les nouilles dans les bols ; Ajouter les boulettes ; Garnir de legumes et herbes ; Arroser de sauce ; Servir avec piment,14,9,40,420,Images/Bun_cha.jpg,vietnamienne,"bun cha,vietnamien,nouilles,porc,herbes",moyen,sans lactose,4.7,230
75,Flan caramel,Dessert classique francais a base de creme vanille et caramel liquide.,1 L de lait ; 200 g de sucre ; 6 oeufs ; 1 gousse de vanille ; 100 g de sucre pour le caramel ; sel,Prechauffer le four a 150C ; Faire fondre 100 g de sucre pour le caramel ; Verser dans le fond des ramequins ; Faire bouillir le lait avec la vanille ; Battre les oeufs avec le sucre ; Verser le lait chaud sur les oeufs en remuant ; Filtrer ; Repartir dans les ramequins ; Cuire au bain-marie 45 min ; Laisser refroidir et demouler,8,9,70,310,Images/Flan_caramel.jpg,française,"flan,caramel,vanille,dessert,classique",facile,végétarien,4.7,420
76,Nasi lemak,Plat malaisien de riz cuit au lait de coco servi avec anchois cacahuetes et sambal.,300 g de riz ; 200 ml de lait de coco ; 100 g d anchois ; 100 g de cacahuetes ; 2 oeufs ; 1 concombre ; sambal ; pate de crevettes ; ail ; gingembre ; feuille de pandan,Rincer le riz ; Cuire avec lait de coco eau et pandan ; Frire les anchois jusqu a croustillants ; Faire frire les cacahuetes ; Preparer les oeufs durs ; Couper le concombre en rondelles ; Disposer le riz au centre ; Arranger anchois cacahuetes oeuf et concombre autour ; Servir avec sambal,11,9,35,520,Images/Nasi_lemak.jpg,malaisienne,"nasi lemak,malaisien,riz,coco,sambal",moyen,sans lactose,4.6,180
77,Samoussas aux legumes,Triangles croustillants farcis de legumes epices frits specialite indienne.,200 g de pommes de terre ; 100 g de petits pois ; 1 oignon ; 2 gousses d ail ; gingembre ; curry ; cumin ; coriandre ; 10 feuilles de brick ; huile de friture ; sel ; coriandre fraiche,Cuire les pommes de terre et les ecraser ; Faire revenir oignon ail et gingembre ; Ajouter les epices et les petits pois ; Melanger avec les pommes de terre ; Ajouter la coriandre ; Couper les feuilles de brick en bandes ; Deposer la farce ; Plier en triangle ; Sceller ; Frire jusqu a dore ; Egoutter,12,10,45,340,Images/Samoussas_legumes.jpg,indienne,"samoussas,legumes,indien,friture,végétarien",moyen,végétarien,4.5,210
78,Croissant au beurre,Viennoiserie francaise feuilletee au beurre croustillante et fondante.,500 g de farine T55 ; 300 g de beurre de tourage ; 60 g de sucre ; 10 g de sel ; 20 g de levure fraiche ; 250 ml de lait ; 1 oeuf pour dorure,Preparer la detrempe avec farine sucre sel levure et lait ; Laisser lever 1h ; Abaisser le beurre en carre ; Tourer la pate 3 fois avec repos entre chaque tour ; Etaler la pate ; Couper en triangles ; Rouler en croissants ; Laisser pousser 2h ; Dorer a l oeuf ; Cuire a 180C 18 min,10,10,240,420,Images/Croissant_beurre.jpg,française,"croissant,beurre,viennoiserie,francais,petit-dejeuner",difficile,végétarien,4.8,510
79,Baba au rhum,Dessert francais imbibé de rhum et garni de creme chantilly.,200 g de farine ; 100 g de beurre ; 4 oeufs ; 20 g de levure fraiche ; 1 pincee de sel ; 200 g de sucre ; 200 ml d eau ; 200 ml de creme liquide ; sucre glace,Preparer la pate a baba avec farine beurre oeufs et levure ; Laisser lever 1h ; Cuire dans des moules a 180C 20 min ; Preparer le sirop avec eau sucre et rhum ; Imbiber les babas encore chauds ; Laisser refroidir ; Monter la creme en chantilly ; Garnir les babas ; Saupoudrer de sucre glace,10,10,90,420,Images/Baba_rhum.jpg,française,"baba au rhum,rhum,dessert,classique,francais",moyen,végétarien,4.5,195
80,Donburi au boeuf,Bol japonais de boeuf saute sur riz avec oignons et sauce sucree-salee.,300 g de boeuf tranche finement ; 1 oignon ; 200 ml de dashi ; 3 cuilleres a soupe de sauce soja ; 2 cuilleres a soupe de mirin ; 1 cuillere a soupe de sucre ; 2 oignons verts ; 300 g de riz ; gingembre rape ; sel,Cuire le riz ; Emincer l oignon finement ; Faire sauter le boeuf rapidement ; Ajouter l oignon ; Verser dashi sauce soja mirin et sucre ; Laisser mijoter 10 min ; Disposer le riz dans les bols ; Napper de boeuf et sauce ; Garnir d oignons verts et gingembre,10,9,25,510,Images/Donburi_boeuf.jpg,japonaise,"donburi,boeuf,japonais,bol,riz",facile,normal,4.7,270
81,Shawarma au poulet,Brochette de poulet marine epicee a la mode libanaise servie avec sauce tahini.,500 g de filet de poulet ; 2 cuilleres a soupe de yaourt ; 1 cuillere a soupe de jus de citron ; 2 gousses d ail ; cumin ; paprika ; cannelle ; coriandre ; piment de Cayenne ; huile d olive ; sel ; pain pita ; salade ; tomate ; oignon ; sauce tahini,Couper le poulet en lamelles ; Mariner avec yaourt citron ail et epices 2h ; Enfiler sur des brochettes ; Griller 10 min en retournant ; Chauffer les pains pita ; Garnir de salade tomate et oignon ; Ajouter le poulet grille ; Arroser de sauce tahini ; Rouler et servir chaud,14,9,40,460,Images/Shawarma_poulet.jpg,libanaise,"shawarma,poulet,libanais,tahini,street food",moyen,normal,4.7,275
82,Tajine d'agneau aux pois chiches,Tajine traditionnel marocain avec de l'agneau tendre mijoté aux pois chiches et aux épices orientales.,500 g d'agneau ; 200 g de pois chiches ; 2 oignons ; 3 tomates ; 3 gousses d'ail ; 1 cuillère à  café de cumin ; 1 cuillère à  café de cannelle ; 1 cuillère à  café de curcuma ; 1 cuillère à  café de paprika ; 2 cuillères à  soupe d'huile d'olive ; 1 bouquet de coriandre frîche ; sel ; poivre ; 300 ml d'eau,Faire revenir les oignons dans l'huile d'olive ; Ajouter l'agneau et le faire dorer ; Incorporer les épices et l'ail ; Ajouter les tomates concassées ; Verser l'eau et les pois chiches ; Laisser mijoter 1h30 à  feu doux ; Ajouter la coriandre frîche ; Servir chaud avec du pain,14,8,100,520,Images/Tajine_agneau_pois_chiches.jpg,marocaine,"tajine,agneau,pois chiches,épices,mijoté",moyen,normal,4.7,145
83,Harcha aux olives,"Galette marocaine à  la semoule et aux olives, croustillante à  l'extérieur et moelleuse à  l'intérieur.",300 g de semoule fine ; 100 g de farine ; 1 cuillère à  café de levure sèche ; 1 cuillère à  café de sel ; 150 g d'olives vertes ; 2 cuillères à  soupe d'huile d'olive ; 200 ml d'eau tiède ; beurre,"Mélanger la semoule, la farine, la levure et le sel ; Ajouter l'eau tiède progressivement ; Incorporer les olives hachées ; Pétrir jusqu'à  obtenir une pâte lisse ; Former des galettes ; Cuire à  la poêle avec de l'huile d'olive ; Retourner jusqu'à  dorure ; Servir chaud avec du beurre",8,8,35,340,Images/Harcha_olives.jpg,marocaine,"harcha,semoule,olives,petit-déjeuner,galette",facile,végétarien,4.5,98
84,Lahmacun turc,"Pizza turque fine garnie de viande hachée épicée, tomates et persil, cuite au four bien croustillante.",300 g de farine ; 1 cuillère à  café de levure sèche ; 200 ml d'eau tiède ; 1 pincée de sel ; 300 g de boeuf haché ; 2 tomates ; 1 oignon ; 2 gousses d'ail ; 1 bouquet de persil ; 1 cuillère à  café de cumin ; 1 cuillère à  café de paprika ; 1 cuillère à  soupe d'huile d'olive ; sel ; poivre,"Préparer la pâte avec la farine, la levure, l'eau et le sel ; Laisser lever 1h ; Hacher finement les tomates, l'oignon, l'ail et le persil ; Mélanger avec la viande hachée et les épices ; Étaler la pâte finement ; Répartir la garniture ; Cuire au four à  220Â°C 10 min ; Servir chaud avec du citron",14,8,80,450,Images/Lahmacun.jpg,turque,"lahmacun,turc,pizza,viande hachée,épicé",moyen,normal,4.6,210
85,Manti turc,"Raviolis turcs farcis à  la viande, servis avec une sauce au yaourt à  l'ail et au beurre épicé.",300 g de farine ; 2 oeufs ; 1 pincée de sel ; 200 g de boeuf haché ; 1 oignon ; 1 cuillère à  café de cumin ; 200 g de yaourt ; 2 gousses d'ail ; 50 g de beurre ; 1 cuillère à  café de paprika ; sel ; poivre,"Préparer la pâte avec la farine, les oeufs et le sel ; Laisser reposer 30 min ; Mélanger le boeuf haché avec l'oignon haché, le cumin, le sel et le poivre ; Étaler la pâte et découper des carrés ; Déposer une cuillère de farce ; Plier en triangle ; Cuire à  l'eau bouillante 10 min ; Préparer la sauce yaourt à  l'ail ; Faire fondre le beurre avec le paprika ; Napper les manti de yaourt et de beurre épicé",12,10,90,480,Images/Manti.jpg,turque,"manti,turc,ravioli,yaourt,viande",difficile,normal,4.8,175
86,Taboulé libanais,"Salade frîche libanaise à  base de persil haché, tomates, oignons et boulgour, assaisonnée au citron et à  l'huile d'olive.",200 g de persil ; 3 tomates ; 1 oignon rouge ; 100 g de riz ; 2 cuillères à  soupe d'huile d'olive ; jus de 2 citrons ; 1 cuillère à  café de cumin ; sel ; poivre ; menthe frîche,"Laver et hacher finement le persil ; Couper les tomates et l'oignon en petits dés ; Cuire le riz et le laisser refroidir ; Mélanger le persil, les tomates, l'oignon et le riz ; Assaisonner avec l'huile d'olive, le jus de citron, le cumin, le sel et le poivre ; Ajouter la menthe frîche ; Laisser mariner 30 min au réfrigérateur ; Servir frais",10,8,25,220,Images/Taboule.jpg,libanaise,"taboulé,libanais,salade,persil,frais",facile,végétarien,4.7,320
87,Kibbeh libanais,"Boulettes de viande hachée et de boulgour, farcies et frites, un classique incontournable de la cuisine libanaise.",300 g de boeuf haché ; 150 g de riz ; 1 oignon ; 2 gousses d'ail ; 1 cuillère à  café de cumin ; 1 cuillère à  café de cannelle ; 2 cuillères à  soupe d'huile d'olive ; huile de friture ; sel ; poivre ; persil ; menthe,"Laver le riz et le laisser gonfler 2h ; Mixer le riz avec la moitié de la viande hachée ; Hacher l'oignon et l'ail ; Mélanger avec le reste de viande, les épices et les herbes ; Former des boulettes avec la pâte de riz ; Farcir avec le mélange de viande ; Fermer et façonner en ovale ; Frire dans l'huile chaude jusqu'à  dorure ; Égoutter sur papier absorbant ; Servir chaud avec du tahini",12,9,120,420,Images/Kibbeh.jpg,libanaise,"kibbeh,libanais,boulettes,viande,friture",difficile,normal,4.8,185
88,Spanakopita grecque,"Tourte feuilletée grecque au chou et à  la feta, croustillante et savoureuse.",300 g de chou ; 200 g de feta ; 200 g de pâte filo ; 2 oignons ; 2 gousses d'ail ; 2 oeufs ; 50 g de beurre fondu ; 1 cuillère à  café de cumin ; sel ; poivre ; huile d'olive,Laver et hacher le chou ; Faire revenir les oignons et l'ail dans l'huile d'olive ; Ajouter le chou et cuire jusqu'à  réduction ; Laisser refroidir ; Émietter la feta et mélanger avec le chou ; Ajouter les oeufs battus et le cumin ; Étaler les feuilles de pâte filo en les badigeonnant de beurre ; Répartir la farce ; Plier en enveloppe ; Cuire au four à  180Â°C 35 min ; Servir chaud ou tiède,12,10,70,380,Images/Spanakopita.jpg,grecque,"spanakopita,grec,chou,feta,pâte filo",moyen,végétarien,4.7,240
89,Souvlaki de poulet,"Brochette de poulet marinée aux herbes grecques et grillée, servie avec une sauce au yaourt.",500 g de filet de poulet ; 2 cuillères à  soupe d'huile d'olive ; 2 gousses d'ail ; jus de 1 citron ; 1 cuillère à  café de cumin ; 1 cuillère à  café de paprika ; 1 cuillère à  café de thym ; 200 g de yaourt ; sel ; poivre ; oignons rouges ; tomates,"Couper le poulet en cubes ; Préparer la marinade avec l'huile d'olive, l'ail, le jus de citron, le cumin, le paprika, le thym, le sel et le poivre ; Mariner le poulet 2h au réfrigérateur ; Enfiler les morceaux sur des brochettes ; Griller 10 min en retournant ; Préparer la sauce au yaourt avec de l'ail haché et du citron ; Servir les brochettes avec la sauce, les oignons rouges et les tomates",13,7,150,360,Images/Souvlaki_poulet.jpg,grecque,"souvlaki,poulet,grec,brochette,grillé",facile,sans gluten,4.6,195
90,Chana masala,"Curry indien de pois chiches épicé à  la tomate, un plat végétarien nourrissant et parfumé.",400 g de pois chiches ; 3 tomates ; 1 oignon ; 3 gousses d'ail ; 1 cuillère à  café de cumin ; 1 cuillère à  café de curcuma ; 1 cuillère à  café de coriandre ; 1 cuillère à  café de paprika ; 2 cuillères à  soupe d'huile d'olive ; 200 ml d'eau ; coriandre fraîche ; sel ; piment,Faire revenir l'oignon dans l'huile d'olive ; Ajouter l'ail et les épices ; Incorporer les tomates concassées ; Ajouter les pois chiches et l'eau ; Laisser mijoter 30 min ; Ajuster l'assaisonnement ; Garnir de coriandre frîche ; Servir chaud avec du riz,13,8,40,310,Images/Chana_masala.jpg,indienne,"chana masala,pois chiches,curry,indien,végétarien",facile,végétalien,4.6,280
91,Biryani de poulet,"Riz indien parfumé au safran avec du poulet mariné et des épices, cuit lentement pour un plat festif.",400 g de riz ; 500 g de cuisses de poulet ; 2 oignons ; 3 tomates ; 3 gousses d'ail ; 1 cuillère à  café de cumin ; 1 cuillère à  café de curcuma ; 1 cuillère à  café de cannelle ; 1 cuillère à  café de safran ; 200 g de yaourt ; 2 cuillères à  soupe d'huile d'olive ; sel ; poivre ; coriandre frîche ; menthe,"Mariner le poulet dans le yaourt, l'ail et les épices 2h ; Faire dorer les oignons dans l'huile ; Ajouter le poulet mariné et faire revenir ; Incorporer les tomates ; Cuire le riz à  part avec le safran ; Disposer le poulet et le riz en couches dans un plat ; Cuire au four à  160°C 30 min ; Garnir de coriandre et de menthe ; Servir chaud",15,9,180,580,Images/Biryani_poulet.jpg,indienne,"biryani,poulet,riz,safran,festif",difficile,normal,4.9,310
92,Yakitori de poulet,"Brochette japonaise de poulet grillée, glacée avec une sauce sucrée-salée à  base de sauce soja.",400 g de filet de poulet ; 3 cuillères à  soupe de sauce soja ; 2 cuillères à  soupe de mirin ; 1 cuillère à  soupe de sucre ; 1 gousse d'ail ; 1 cuillère à  café de gingembre ; oignons verts ; huile végétale ; sel,"Couper le poulet en morceaux ; Préparer la sauce avec la sauce soja, le mirin, le sucre, l'ail et le gingembre ; Mariner le poulet 30 min ; Enfiler sur des brochettes ; Griller à  feu moyen en badigeonnant de sauce ; Retourner régulièrement ; Servir chaud parsemé d'oignons verts",9,7,45,320,Images/Yakitori.jpg,japonaise,"yakitori,poulet,japonais,brochette,grillé",facile,sans lactose,4.7,265
93,Katsudon,"Bol japonais de riz recouvert d'une côtelette de porc panée et d'oeufs brouillés, un réconfort ultime.",300 g de riz ; 2 côtelettes de porc ; 150 g de farine ; 2 oeufs ; 1 oignon ; 3 cuillères à  soupe de sauce soja ; 2 cuillères à  soupe de mirin ; 1 cuillère à  soupe de sucre ; 200 ml de bouillon ; huile de friture ; oignons verts,"Cuire le riz ; Aplatir les côtelettes de porc ; Paner avec la farine et l'oeuf battu ; Frire jusqu'à  dorure ; Couper en lamelles ; Faire revenir l'oignon dans une poêle ; Ajouter la sauce soja, le mirin, le sucre et le bouillon ; Disposer les tranches de porc ; Verser les oeufs battus sur le dessus ; Couvrir jusqu'à  ce que les oeufs soient pris ; Servir sur le riz chaud",12,10,40,620,Images/Katsudon.jpg,japonaise,"katsudon,porc,japonais,riz,comfort food",moyen,normal,4.8,220
94,Chiles rellenos,"Poivrons farcis au fromage, panés et frits, nappés d'une sauce tomate épicée, un classique mexicain.",6 poivrons ; 300 g de fromage ; 3 oeufs ; 100 g de farine ; 400 g de tomates concassées ; 1 oignon ; 2 gousses d'ail ; 1 cuillère à  café de cumin ; huile de friture ; sel ; poivre ; coriandre frîche,"Griller les poivrons au four et les peler ; Farcir avec le fromage ; Fermer avec des cure-dents ; Paner avec la farine et l'oeuf battu ; Frire jusqu'à  dorure ; Préparer la sauce tomate avec l'oignon, l'ail et le cumin ; Napper les poivrons frits ; Garnir de coriandre ; Servir chaud",12,8,60,420,Images/Chiles_rellenos.jpg,mexicaine,"chiles rellenos,mexicain,poivrons,fromage,friture",moyen,végétarien,4.6,155
95,Pozole rouge,"Soupe épaisse mexicaine au maïs et à  la viande de porc, parfumée au chili et aux épices.",500 g de porc ; 300 g de maïs ; 2 oignons ; 3 gousses d'ail ; 400 g de tomates concassées ; 1 cuillère à  café de cumin ; 1 cuillère à  café de paprika ; 2 cuillères à  soupe d'huile d'olive ; sel ; poivre ; coriandre frîche ; citron vert ; oignons rouges,"Faire bouillir le porc dans de l'eau salée 1h ; Retirer le porc et réserver le bouillon ; Faire revenir l'oignon et l'ail dans l'huile ; Ajouter les tomates et les épices ; Incorporer le bouillon et le maïs ; Laisser mijoter 45 min ; Ajouter le porc effiloché ; Servir chaud garni de coriandre, d'oignons rouges et de citron vert",14,8,120,480,Images/Pozole.jpg,mexicaine,"pozole,mexicain,soupe,maïs,porc",moyen,sans gluten,4.7,130
96,Blanquette de veau,Ragoût français traditionnel de veau mijoté dans une sauce onctueuse à  la crème et au citron.,800 g de viande de veau ; 2 oignons ; 3 carottes ; 1 bouquet de persil ; 1 bouquet de thym ; 200 ml de crème fraîche ; 2 cuillères à  soupe de farine ; 50 g de beurre ; 1 citron ; sel ; poivre ; 1 L de bouillon de volaille,Faire revenir la viande dans le beurre ; Ajouter les oignons et les carottes ; Saupoudrer de farine ; Verser le bouillon chaud ; Ajouter le thym et le persil ; Laisser mijoter 1h30 à  couvert ; Retirer les herbes ; Ajouter la crème fraîche et le jus de citron ; Rectifier l'assaisonnement ; Servir chaud avec du riz,12,9,120,520,Images/Blanquette_veau.jpg,française,"blanquette,veau,français,ragoût,crème",moyen,normal,4.7,340
97,Gratin dauphinois,"Gratin de pommes de terre à  la crème, cuit au four jusqu'à  obtenir une croûte dorée, un classique des Alpes françaises.",1 kg de pommes de terre ; 500 ml de crème fraîche ; 2 gousses d'ail ; 50 g de beurre ; 1 cuillère à  café de muscade ; sel ; poivre ; fromage râpé,"Eplucher et couper les pommes de terre en fines rondelles ; Frotter un plat à  gratin avec l'ail ; Beurrer le plat ; Disposer les rondelles de pommes de terre en couches ; Assaisonner chaque couche de sel, poivre et muscade ; Verser la crème fraîche ; Parsemer de fromage râpé ; Cuire au four à  160Â°C 1h15 ; Servir chaud",8,8,90,480,Images/Gratin_dauphinois.jpg,française,"gratin,dauphinois,pommes de terre,crème,français",facile,végétarien,4.8,410
98,Osso buco milanais,"Jarret de veau braisé à  la milanaise, servi avec une gremolata de citron et persil.",4 jarrets de veau ; 2 oignons ; 2 carottes ; 2 gousses d'ail ; 400 g de tomates concassées ; 200 ml de vin blanc ; 1 bouquet de persil ; 1 citron ; 2 cuillères à  soupe d'huile d'olive ; sel ; poivre ; farine,"Fariner les jarrets de veau ; Faire dorer dans l'huile d'olive ; Réserver ; Faire revenir les oignons, les carottes et l'ail ; Ajouter les tomates et le vin blanc ; Remettre les jarrets dans la cocotte ; Couvrir et cuire 2h à  feu doux ; Préparer la gremolata avec le persil haché et le zeste de citron ; Parsemer avant de servir",12,8,150,560,Images/Osso_buco.jpg,italienne,"osso buco,veau,milanais,braisé,italien",difficile,normal,4.8,195
99,Arancini siciliens,"Boulettes de riz farcies à  la viande, panées et frites, croustillantes à  l'extérieur et fondantes à  l'intérieur.",400 g de riz cuit ; 200 g de boeuf haché ; 100 g de fromage ; 2 oeufs ; 150 g de farine ; 1 oignon ; 2 gousses d'ail ; 200 g de tomates concassées ; 1 cuillère à  café de cumin ; huile de friture ; sel ; poivre ; persil,Faire revenir l'oignon et l'ail ; Ajouter le boeuf haché et le faire dorer ; Incorporer les tomates et le cumin ; Laisser mijoter 20 min ; Mélanger le riz cuit avec un oeuf battu ; Former des boules de riz ; Farcir avec la viande et le fromage ; Fermer et rouler ; Paner avec la farine et l'oeuf ; Frire jusqu'à  dorure ; Égoutter et servir chaud,14,10,60,480,Images/Arancini.jpg,italienne,"arancini,riz,italien,boulettes,friture",difficile,normal,4.7,230
100,Tortilla espagnole,"Omelette épaisse espagnole aux pommes de terre et oignons, un classique des tapas.",6 oeufs ; 500 g de pommes de terre ; 2 oignons ; 200 ml d'huile d'olive ; sel ; poivre,Eplucher et couper les pommes de terre en rondelles fines ; Émincer les oignons ; Faire frire les pommes de terre et les oignons dans l'huile d'olive à  feu doux jusqu'à  tendreté ; Égoutter ; Battre les oeufs avec le sel et le poivre ; Mélanger avec les pommes de terre et les oignons ; Verser dans une poêle chaude avec un peu d'huile ; Cuire à  feu moyen 5 min ; Retourner avec une assiette et cuire encore 3 min ; Servir tiède ou à  température ambiante,6,9,40,380,Images/Tortilla_espagnole.jpg,espagnole,"tortilla,espagnol,pommes de terre,oignons,tapas",facile,végétarien,4.6,350
101,Gambas à  l'ail,"Crevettes sautées à  l'ail et au piment, un classique des tapas espagnoles rapide et savoureux.",400 g de crevettes ; 4 gousses d'ail ; 1 piment ; 100 ml d'huile d'olive ; 1 cuillère à  café de paprika ; sel ; poivre ; persil ; citron,"Eplucher les crevettes en laissant la queue ; Hacher finement l'ail et le piment ; Chauffer l'huile d'olive dans une poêle ; Faire revenir l'ail et le piment ; Ajouter les crevettes et sauter 3 min ; Assaisonner avec le paprika, le sel et le poivre ; Parsemer de persil haché ; Arroser de jus de citron ; Servir immédiatement dans la poêle",10,8,15,320,Images/Gambas_ail.jpg,espagnole,"gambas,crevettes,espagnol,ail,tapas",facile,sans gluten,4.7,280
